{
  "choir1": {
    "category": "master",
    "sounds": [
      "effect/choir_chant1"
    ],
	"authorship": "http://peritune.com/j_choir_chant1-3/"
  },
  "choir2": {
    "category": "master",
    "sounds": [
      "effect/choir_chant2"
    ],
	"authorship": "http://peritune.com/j_choir_chant1-3/"
  },
  "choir3": {
    "category": "master",
    "sounds": [
      "effect/choir_chant3"
    ],
	"authorship": "http://peritune.com/j_choir_chant1-3/"
  },
  "win": {
    "category": "master",
    "sounds": [
      "effect/win2"
    ],
	"authorship": "http://peritune.com/j_choir_chant1-3/"
  },
  "blade": {
    "category": "master",
    "sounds": [
      "bgm/flash_of_blade"
    ],
	"authorship": "http://www.hmix.net/music_gallery/feeling/hard.htm"
  }
}  